PR001;600123456
PR002;600234567
PR003;600345678
PR004;600456789
PR005;600567890
PR006;600678901
PR007;600789012
PR008;600890123
PR009;600901234
PR010;600012345
PR011;600123456
PR012;600234567
PR013;600345678
PR014;600456789
PR015;600567890
PR016;600678901
PR017;600789012
PR018;600890123
PR019;600901234
PR020;600012345
PR021;600123456
PR022;600234567
PR023;600345678
PR024;600456789
PR025;600567890
PR026;600678901
PR027;600789012
PR028;600890123
PR029;600901234
PR030;600012345
PR031;600123456
PR032;600234567
PR033;600345678
PR034;600456789
PR035;600567890
PR036;600678901
PR037;600789012
PR038;600890123
PR039;600901234
PR040;600012345
PR041;600123456
PR042;600234567
PR043;600345678
PR044;600456789
PR045;600567890
PR046;600678901
PR047;600789012
PR048;600890123
